{
	"class_name" : "PinholeCameraParameters",
	"extrinsic" : 
	[
		-0.040114948430244518,
		-0.99900455837119995,
		-0.019511106221914942,
		0.0,
		-0.99728882564022725,
		0.038825182635179548,
		0.062510826634124259,
		0.0,
		-0.061691078492561703,
		0.021965826797755134,
		-0.99785355302645273,
		0.0,
		810.10996510695668,
		415.63307684562369,
		22988.922524576279,
		1.0
	],
	"intrinsic" : 
	{
		"height" : 1050,
		"intrinsic_matrix" : 
		[
			909.3266739736606,
			0.0,
			0.0,
			0.0,
			909.3266739736606,
			0.0,
			959.5,
			524.5,
			1.0
		],
		"width" : 1920
	},
	"version_major" : 1,
	"version_minor" : 0
}