{
	"class_name" : "PinholeCameraParameters",
	"extrinsic" : 
	[
		0.48612543951839593,
		-0.7883334553915482,
		-0.37711062059224543,
		0.0,
		0.77351833920687452,
		0.5889633254272022,
		-0.23407601374846229,
		0.0,
		0.40663427790052958,
		-0.1779116758736021,
		0.89610044058920169,
		0.0,
		-2670.1025496419261,
		1035.5950983245798,
		13856.6217268822,
		1.0
	],
	"intrinsic" : 
	{
		"height" : 1050,
		"intrinsic_matrix" : 
		[
			909.3266739736606,
			0.0,
			0.0,
			0.0,
			909.3266739736606,
			0.0,
			959.5,
			524.5,
			1.0
		],
		"width" : 1920
	},
	"version_major" : 1,
	"version_minor" : 0
}