{
	"class_name" : "PinholeCameraParameters",
	"extrinsic" : 
	[
		-0.13286015047749228,
		-0.99095222586947806,
		0.019022787898343534,
		0.0,
		-0.5598758926521441,
		0.090874155531026374,
		0.82357809143000393,
		0.0,
		-0.81785522266600652,
		0.098770308802038728,
		-0.56688381601267024,
		0.0,
		4431.0041779108242,
		2.1834649303586957,
		20446.928757758986,
		1.0
	],
	"intrinsic" : 
	{
		"height" : 1050,
		"intrinsic_matrix" : 
		[
			909.3266739736606,
			0.0,
			0.0,
			0.0,
			909.3266739736606,
			0.0,
			959.5,
			524.5,
			1.0
		],
		"width" : 1920
	},
	"version_major" : 1,
	"version_minor" : 0
}